,ACG.L,ACG.R,AMYG.L,AMYG.R,ANG.L,ANG.R,CAU.L,CAU.R,CUN.L,CUN.R,FFG.L,FFG.R,HIP.L,HIP.R,IFGoperc.L,IFGoperc.R,IFGtriang.L,IFGtriang.R,INS.L,INS.R,IPL.L,IPL.R,MTG.L,MTG.R,ORBinf.L,ORBinf.R,ORBmid.L,ORBmid.R,ORBsup.L,ORBsup.R,ORBsupmed.L,ORBsupmed.R,PCG.L,PCG.R,PCUN.L,PCUN.R,PUT.L,PUT.R,ROL.L,ROL.R,SFGdor.L,SFGdor.R,SFGmed.L,SFGmed.R,SPG.L,SPG.R,STG.L,STG.R,THA.L,THA.R,class
0,-0.3536457458396424,-0.2844158861233878,-0.06987771213802817,0.019557476909783725,-0.20588520104598787,0.00861950697291706,0.08579481057157255,0.1918025889322396,0.28937309643750303,0.23921545764178456,0.14144287961607602,0.16519865169175577,-0.03168253518106461,0.030005607714939046,-0.013670702353131342,0.14366236009655173,0.1317151943629497,0.08854603016783262,-0.15548743360365042,-0.19537852946636228,0.1217464785907628,0.13352123372995248,-0.034804233085690264,0.060655063775305294,-0.10192741356149992,-0.2974829448960306,0.024349911657239303,-0.31883052801968553,-0.1776012658983437,-0.12812165084560376,-0.44668655844163935,-0.22586457712815008,-0.15284906890114025,0.05627954951548142,0.031871235323685375,0.21316645270211307,-0.08548131131478272,-0.10343973864648366,-0.4265954899297398,-0.3939650482139952,-0.16872774535905644,-0.05641548856375648,-0.33177054382939447,-0.2571632038040641,0.2780480453095047,0.49166509003703474,-0.1970846266959668,-0.0903145131864289,0.12689197985437828,0.12905711323791808,-1.0
1,0.005022112300847675,0.007026087937076646,0.15880633002881941,0.1296819440822319,-0.14856405817468385,-0.12473924772908128,-0.13708428642262627,-0.1339399157552376,-0.1800588569319692,-0.20085257842805695,-0.028839819029261273,-0.11326190190212893,0.10833006451555911,0.08228353228390366,-0.15532993919303156,-0.06298526129323102,-0.11167978458486273,-0.0494947636711742,-0.1125927277195609,-0.11498195485473588,-0.19771419790323638,-0.07427156147102236,-0.047498714507326296,-0.004404866227971171,0.014591397957948032,-0.03486904073258138,-0.14857048604051945,-0.1964515917144427,-0.21222737950973505,-0.19857726358622527,0.06890634836289437,0.01639165762372426,0.013925213463575531,-0.10263160382240272,-0.34684429535145744,-0.25316317372155733,-0.0466484588304548,-0.06928206959605876,-0.12643091165536066,-0.12960853809128384,-0.16249513319583112,-0.11232601770304144,0.0018231947096854287,-0.012096770561791448,-0.2979705084311504,-0.21387954075243623,-0.07124625579190966,-0.004945045851842757,-0.1037827837203447,-0.10440046409064908,-1.0
2,-0.007291821461966659,-0.0058375719640883575,-0.034536309699522906,0.0700550514667748,0.0011716416537048968,0.06697734871482326,0.2700437054469839,0.29126184127214594,0.020187487427411204,0.07344525285424014,0.21526995604661647,0.1416072816730012,0.0488098671367842,0.08803518374039955,0.11247391711518291,0.07193366409211885,0.1415846506561824,0.04193983353670198,-0.010063060053757733,-0.010070869066953732,0.15607087947416812,0.21335260554900437,0.15218988156874272,0.07261406719284576,0.0513208220853534,-0.11142491631645746,0.08701575024063113,0.09990462512644556,0.06663003906541701,0.03541387493638464,0.10018927702712192,0.08016870056715249,0.19229196965668197,0.12261025572870221,0.011205757886659817,0.06491515280036428,0.01823733308531024,0.08258270011367778,-0.00523367660938458,-0.03781843299106511,0.03266949662487951,0.06819878474678462,0.038903868438674466,0.004704028150999104,-0.024966259471051796,0.16574021636817096,0.176572251980464,0.05323889034382523,0.037338907380997065,0.04659144256250864,-1.0
3,-0.10073613676322542,-0.06666917623638138,-0.1301835055979916,-0.006250306335537126,-0.17721283772128968,-0.1953038429688526,-0.018443695303407916,0.05681182665445334,-0.2638724726103358,-0.2716287680915933,-0.01631498125196568,-0.01930991766772517,-0.040016434723565975,-0.02375650989357352,-0.030747753516595405,-0.12432289128631574,-0.06603871340282721,-0.04029316866824071,-0.13154594074185919,-0.07406083721398948,-0.1618032970421498,-0.09431375800817243,-0.06117573055138339,-0.05669392750162372,-0.13068641606332532,-0.2190488004558492,-0.14767690881805867,-0.1570952728069095,-0.20036066971061492,-0.13041644715320794,-0.061173919402300485,0.01708227954031188,-0.14109866799820428,-0.14786133443508728,-0.17325261189983618,-0.18480351203847492,-0.052454595454546095,-0.0608512462806556,-0.06899673535685781,-0.1010022316641601,-0.14541920661395813,-0.10800756637569058,-0.14314254528655054,-0.07657055175562148,-0.1953016821809805,-0.10673475605302123,-0.06450891626589285,-0.07075300700398103,-0.14236979153638726,-0.10903456450779336,-1.0
4,0.12220004052626625,0.07469945646814385,0.10485337776410142,0.06605516526927842,-0.04862700930383729,-0.061703525731374914,0.11524028746338423,0.0994779267944312,0.07319156267548334,0.09107312933179006,0.05891484861933702,-0.03433142327471405,0.08888797730461166,0.0835648108412631,0.011419513397023148,-0.00865770373962891,-0.008348649140006886,-0.043513746305534194,-0.10522018843957438,-0.06264541531323681,-0.05249913393056607,-0.10071154725826663,0.15114705292946393,0.11700103804960961,-0.16144547626767544,-0.06331014966867318,-0.06258079576522665,0.24229032842184836,-0.03752345160491639,-0.062412544769112926,0.027718377776607833,0.033953274814710215,0.015440661511567774,-0.08973317599169368,0.05050364312857064,0.08678600358348802,0.00236758444739218,0.053364833696910474,0.03540955350461078,0.14473374022015192,0.04899248889205695,-0.043071780392984184,0.01521456511459851,-0.03099428279759679,0.03337117251303476,0.1650408612531916,0.1826226365334227,0.1551642210817163,-0.05353836769658058,0.004636419657072227,-1.0
5,-0.12375697617462873,-0.10687566411128084,0.05111258457301767,0.021178656926543624,-0.11281078606122956,0.010385744503970201,-0.04713481200250121,0.029185209353782732,0.0007485996514902555,-0.04331347915203987,0.0385844079660465,0.0013414854127583645,-6.575174379700015e-05,-0.019028560349040893,0.08423465879695775,-0.051087480746196734,-0.0045109531605563675,-0.06652182534929497,-0.0698913346736792,-0.12111996269045318,-0.044047557827508625,-0.003248558208926273,0.024316619678456747,0.12229456136624144,-0.018312576100470764,-0.017294932559885956,-0.09269389072986156,-0.08180228576956437,-0.04255775578891894,-0.033685732047964705,0.09322941369881592,-0.016673361370126597,0.14371533025963945,0.09535538478866452,0.05343287347748756,0.0961072210889785,-0.010534512625852517,-0.07774782936193196,-0.08231901656180401,-0.11928126364314477,-0.08910721083565827,-0.060341171687731364,-0.09104024384658373,-0.0746619003538192,-0.024087150822543854,0.16740304576426246,-0.023349843387977572,0.001737452640187311,0.005982419689141654,0.02444223864988658,-1.0
6,-0.0702939745741405,-0.09212529235225532,0.05467372926749059,0.027376178278791047,-0.13333256904003085,-0.11161538556078267,0.04794362785604111,0.02726836294416853,-0.09785389928399431,-0.040012407444940716,-0.02198893973584462,-0.04636805419476289,0.03949280162208551,-0.0020654807648618906,-0.00524482732904584,-0.07944127889223927,0.048345790825770535,-0.12283324571507424,-0.11673911013650988,-0.1395431335761015,-0.10756525932373455,-0.10094708357513345,-0.01738015212851656,-0.054537354533529016,-0.003696579921407111,-0.043391336527787865,-0.012223829038254178,-0.13510174897335167,0.13157519548593186,-0.0011035798796992721,0.22397805887916525,0.12222255876241789,0.039861138274959795,0.12324451707245056,-0.0610267693434498,-0.02555400326278333,0.001013952332768774,-0.022078462945207055,-0.17190054797855792,-0.16556225775169317,-0.07014680083918044,-0.0966222523751211,-0.056919258996327195,-0.14389420561459929,-0.014441202289592621,0.08102791960654306,-0.06724356381112608,-0.09952069371311634,0.09681095022088271,0.08634238928254344,-1.0
7,0.04562532089434455,-0.020997778510633,-0.02951823811718049,-0.041880373519064096,-0.10458547861251638,-0.012076990305994078,0.026805790300390157,-0.02341081292241193,-0.05949459833625865,-0.03382839738758912,-0.002865527688933609,0.054316151050142765,0.03450039003476075,-0.034947661149345915,0.025056384647342167,-0.09442851378710167,0.0001352055014721872,-0.041485741451010666,-0.07532667849146761,-0.0616348560575866,-0.052906938470137645,-0.06942761460993101,-0.020666444144727864,0.01653484190434306,0.04075922727541472,-0.001206213050554461,0.002702639996038453,-0.0017363012796719108,-0.16940789170239304,-0.06652978231259644,-0.07041480908519356,0.019273215749778323,0.1436437910175663,0.11247936041967256,-0.029141076031788737,-0.003016326912136602,-0.06688429029834224,-0.09993647867909215,-0.21416253589590598,-0.23167477039168638,-0.052345795640005965,-0.06322652938090083,-0.05011435504170112,-0.03165555807527457,-0.07017572090927592,-0.041956402724009974,-0.005237422565037388,-0.014919923653708885,-0.022629138662350463,-0.03912430515154627,-1.0
8,0.19329324130519024,0.11242832646309503,-0.028512959202002502,-0.0848401183004684,-0.07142149925450496,-0.1423862821910594,-0.03126049366921595,-0.007866502443224255,-0.14598933050995513,-0.25202575603402483,0.005472816534666937,-0.14859479405841677,0.0794667610088046,0.05438957320693977,-0.29215586650780817,-0.17218608784248302,-0.1797776200837293,-0.16373557550476142,-0.031102194729301716,-0.014523656628123915,-0.2000284352110133,-0.12787174952130467,-0.02424426226346445,-0.02833045587245529,-0.11698447366784183,0.09423082319251193,-0.09172092851344733,-0.00284469327555927,-0.014940306666622582,-0.08498915893195381,0.2415025017361484,0.21335074667342036,0.09889147707555855,-0.043607763361709316,-0.13905167617215955,-0.22240641117187746,-0.10584859406927354,-0.04336862899301252,-0.07188450302028082,0.03228365947755494,0.05448866314454065,0.047951490610820414,0.11290829827358824,0.1504317116259232,-0.1736549808690375,-0.09146446071186144,0.04734840460486206,-0.017375979120073517,-0.07805348599863811,-0.04742431468786936,-1.0
9,0.002913958036559316,0.056445634245237956,0.3086995813672892,0.2956864225631704,0.07693558303165793,0.10206760725754871,0.01572832746299783,-0.0018191353509560693,0.022128078813629732,0.02563170983835496,0.0634903321221159,0.012352519606357101,0.12070424450255811,0.11129466598571942,-0.013559250484025965,-0.11981345811847845,-9.32081519023469e-05,0.003021907109148847,-0.039856025258403774,-0.08840860521451234,-0.1500790649769984,-0.11489854212625,0.09446962254150602,0.17097570158877815,0.04290328126344294,0.010783256910639463,-0.08734003353295942,-0.11287516487628797,-0.13221889550129387,-0.08318177738583536,0.24749696070346985,0.14535145920172834,0.29606900779671175,0.14334927928100363,0.072864033706802,0.08812827524400452,0.1139598132228573,0.07041587744696173,0.11224764440618314,0.1533296477418009,0.067649902727917,0.04888897989100871,0.16531567395592436,0.15350484840943562,0.032156613348194835,0.10215604905553825,0.13478681395646455,0.11541974448743841,-0.0011959230917348667,-0.0770956275645046,-1.0
10,-0.009853707895415216,-0.0069665161315581176,-0.04348095789602791,0.023609902889921385,-0.008403130514018364,-0.004103373752879749,-0.08938437435568962,-0.05544038722179681,0.005107338408989572,0.059325564503112264,0.04950254920434377,0.036830486708687514,0.04984383357416359,0.0028882858177577027,0.05391441923272719,-0.03331836816392902,0.03928959051013622,-0.024646788698614946,-0.02724457457620647,0.008125105525089505,-0.013872745949463557,0.032995772856617,0.050899734412077534,0.07973811128179513,0.059156573936979005,0.007883904657721609,-0.0756898899757775,-0.055373684536078105,-0.10574205486260564,-0.060646694521378115,0.18901722352628805,0.16302735628077777,0.09852075863366568,0.10492936180162997,0.004833605923609351,0.02384110912817967,-0.00285225824063335,-0.03890717852071715,-0.046158778110878686,-0.037091493253891904,-0.023629853293164606,-0.027628458465012506,-0.0263134458875264,-0.01178587657367995,-0.010877071263818448,0.07526067445292604,-0.0018515496141061811,0.013167408836275507,0.11267823897838614,0.07604180420286118,-1.0
11,-0.15364657293268597,-0.10084453434276804,-0.09940455413513712,-0.08246301387308928,-0.07419505408186085,0.13536190074263024,0.351148483303904,0.29961360107510987,0.1824866497501365,0.16840732235333541,0.2322575362207255,0.19295109603566873,-0.010180584067859223,0.07419384050411246,0.13497565438699854,0.15223873942944635,0.19005447849569124,0.18781975437025608,-0.17110653354679514,-0.12099170529374366,0.09982389126370171,0.12482963506700244,0.13562664791856724,0.16680274299586714,-0.03035097684442895,-0.06120110951556415,-0.05110534401472583,-0.08008962521961105,0.046938582355330605,0.029621057037753393,0.024360899282388077,0.056621758248152826,-0.126908708537905,-0.006920846132073424,0.16066332183236245,0.19550810829620968,0.14014179317823353,0.08817953393881432,-0.08445794786664951,-0.14203017840607648,0.01067929653472391,0.08064141117819264,-0.03374987334304383,-0.06991748628497217,0.3536291499346578,0.45237534758428205,0.007094266436001178,-0.007943359303479792,0.19441660872249397,0.16093041076461653,-1.0
12,0.07143649948910444,0.03912357635544068,0.10168180642368964,0.061727167102936825,-0.07766275992447282,-0.036369008315038885,-0.04340889651255794,-0.004858408915514552,-0.46690065720046076,-0.4110204530613186,-0.05907983695327468,-0.09689429190920307,-0.01862105481984089,-0.045380295979060487,-0.055935399795847836,-0.09193819863237034,-0.049988114257847605,-0.0650436932604282,-0.08452460200440377,-0.08617615205360331,-0.19010256981178938,-0.1444983320448539,-0.026316145655858852,0.02766072654725411,-0.0009478398641538446,-0.008179932774217996,-0.19249708728008463,-0.1840601769118926,-0.09473419663666884,-0.07250238206127962,0.10314118411653017,-0.005784396902004718,-0.005088949435248874,-0.004018003527904153,-0.14950161661552777,-0.13256981853315206,-0.019109239230238818,0.0002792930880199408,-0.20158425051266185,-0.12922370995842458,-0.03910116315718953,-0.05210243696346744,0.022239817350499694,0.019977812729499802,-0.14683220394347013,-0.09279878114499229,-0.0879421641974077,-0.11652572534972255,-0.0534638336757002,-0.00012728557848469546,-1.0
13,-0.18650801741581716,-0.1240104522995969,0.027248888642623797,-0.07742452381920109,-0.03395346733067095,-0.024807805415555814,0.004791388751908678,0.09313279323081784,0.045241813646499936,0.07125599157574845,0.02617877251214031,-0.041468571956023235,-0.005018389504184528,-0.052489070636492774,0.09825862644663834,0.16082314845663417,0.11402844212861539,0.0354710057608883,-0.04200241818640471,0.004332063213748495,0.12462128982067112,-0.019125025213268972,0.09453471720025364,0.04779460993272349,0.03317233903462422,-0.1312904095366845,0.04586708094516024,-0.047709915362114975,-0.006885504889103541,0.045129272270228206,-0.1675126588534658,-0.12524829482977037,-0.011639187225913278,-0.07071393994191587,0.15692230269799526,0.08938453298402066,0.009058264552760728,0.04906672376075941,-0.16443059590873463,-0.047350826819420176,0.060601195635759636,-0.013785490924702548,-0.05885951447828764,-0.08726741938760318,0.3346265345309754,0.3837139777722434,0.025565308510639862,-0.014230230865963334,0.10958805171734871,0.10264760444163355,-1.0
14,-0.15385951258693725,-0.1207016789954753,-0.009993020972532032,-0.21597237172622508,-0.19607868469596612,-0.1298898413253636,-0.14459751532305667,-0.09136824274022963,-0.180030697681096,-0.13618281367150153,-0.15857056423801089,-0.15917648779112809,-0.13413261638271168,-0.13736777966231742,-0.07628853702473841,-0.08017186445285086,-0.05801878039433228,-0.10306315622022594,-0.09478525634646107,-0.12075365043745152,-0.12685120215299164,-0.08119695263762755,-0.12690876568360554,-0.0890380636235419,-0.23864027500726978,-0.2676904505466998,-0.16751519575862606,-0.17059749838125127,-0.14120431298008285,-0.16522104356582137,-0.1419244381686137,-0.14218180648269094,-0.13242296124487515,-0.07704045087335774,-0.14180492746437154,-0.14165871265239172,-0.09589952301573028,-0.1051375554380904,-0.17248364782328363,-0.21258421004666728,-0.0965866129107927,-0.1258992549284004,-0.1795436189417717,-0.12328549564397383,-0.12560434752954244,-0.04573164003579402,-0.10807189587582862,-0.09531969308353061,-0.063506721576247,-0.058389173755843606,-1.0
15,0.03169861315766709,0.0038932030105591313,-0.1202452179633705,-0.18619533500798405,-0.11564731422107866,-0.05074967518618909,-0.04935151204914207,-0.007179533151564305,-0.08741113759778259,-0.04945096493188411,0.004569017512914618,0.012964143314659652,-0.06781266243305001,-0.06942407063187046,-0.11021131446131917,-0.13485569959986363,0.05166793523594871,0.02676101921456976,-0.08014388721159946,-0.17382685810356713,-0.07100333716784361,-0.06477113212528747,0.0027151941245384947,-0.013082950334596555,-0.07083070477573844,-0.0841102168391382,0.11887263758863859,0.08220809230081173,-0.02752232475473172,0.03090446928585554,0.2061256226809668,0.16991025362783366,0.061802515723524486,0.0283556829564351,-0.013025440791927537,-0.011253222379619662,-0.10365727630260498,-0.1408352597547652,-0.25331477174380373,-0.21683650530558096,-0.01860027761891396,-0.04026131223620418,-0.05577219597623253,-0.02391211258940522,0.03307889249631402,0.23771496896299668,-0.1215327857093449,-0.06891637221234563,-0.09224610296007368,-0.03142406521474076,-1.0
16,-0.21581386722367335,-0.16618981581365333,-0.15877416505167355,-0.2018580317371936,-0.005403962725759025,-0.034302373061637075,0.1541221752947096,0.10808466606593363,-0.3946062539513793,-0.3725740115742822,0.03001911882245691,0.09183679670670357,-0.07641109726138638,-0.05724342722347645,0.21002245186031265,0.0355174939577659,0.016355023034733556,-0.08431520012127607,-0.0023408259270734227,-0.13574764503723116,0.0593437652769467,0.024698703843692216,0.03637203350673362,-0.06780980526145074,0.005329705127981757,-0.07631882639269695,-0.010177291941489659,-0.024513938187248018,-0.11019180456779105,-0.2387757896039067,-0.0869993615764066,-0.13644242205619014,-0.08259133926640504,-0.02908692207967753,-0.10091971379116217,-0.09411135472702588,-0.03806707443667084,-0.10340153389754492,-0.20161406381319683,-0.2766254817871439,-0.0243508734392489,-0.07515032962881742,-0.10830426348603417,-0.14412195622434218,0.08951661598404183,0.11316014561981498,-0.1468592112446878,-0.063497843119067,0.1114044439694148,0.013241349182069956,-1.0
17,0.07316627283153555,0.03646575929364937,0.009098616768406967,0.030256057068678486,-0.06904440657757176,0.08973964188802347,0.06463484078673144,0.10741102728414557,-0.06628430503006447,-0.08444000653877627,0.14907364186006067,-0.03730684514567403,-0.009741694456567756,0.04635809329931557,0.025146681302302687,-0.04578303125879326,0.030577566822757907,-0.023409462098672822,0.003663824041686468,-0.09066635478127184,-0.0013633851189598755,0.005652400342496704,0.07281887908007889,0.13672672239272687,0.12455925125340152,0.04955390076626968,0.08016239087431552,0.0772433841252293,0.14534509492304634,0.12214030434679997,0.12486011880318636,0.06654017278049212,0.17418049862562354,0.19501111237265048,0.049270290732421486,0.09359194191364356,0.04102228756828601,0.01864755047841032,-0.0444275930970893,-0.03914470278873517,0.06111214130502063,0.05918056259134306,0.07641904800238834,0.0337543286510416,0.006992586608457648,0.10467441271975214,0.06201791817074143,0.034581401713168224,-0.019293443273083178,-0.011378472359963006,-1.0
18,-0.13772705458109466,-0.03291641874599251,-0.1577797381871091,0.015683661078157433,-0.07019200615949257,-0.023884421586022914,0.13108554988199647,0.14500104297275196,-0.1201982511578729,-0.07756694993668038,0.12517673935836973,0.11487505962816913,-0.024166292040564297,-0.024829816092602305,0.12732708500084128,0.06481988468712353,0.14639450208433258,0.08435962067880591,-0.05111625672641909,-0.04405422705909618,0.06684671982904249,0.08508536026770401,0.05658407965440848,0.009558704837317153,0.010792389892504422,-0.03384806032873926,-0.010923200200158393,-0.1027403831270655,-0.056241254526427496,0.048129468914166286,-0.15231149733229424,-0.009620318918598566,0.12029628040341811,0.0844254110988737,0.06681495220609086,0.1169033384350061,0.018974949628329543,0.04751035513542246,-0.024027247439916705,-0.13134573023141788,-0.00803478759773942,0.028443702334062793,-0.05869148123763793,-0.017937702237554264,0.16959890287721577,0.16649356130019302,0.026271239033381657,0.02577237938161483,0.07644229266207149,0.08365834856643967,-1.0
19,-0.08101982205749508,-0.03974427096731822,0.17244525997956203,0.02691068527717168,0.15700502050695642,0.10193146703494815,0.2407459607716508,0.19754855518261696,0.10088111796085787,0.10768637775830603,0.26446888042145256,0.2425459654056342,0.02106983402394887,0.022063746585927937,0.3628841192258412,0.11134382472534539,0.2157211428248549,0.018624073358076063,0.06670685556319565,0.01907611804336588,0.21412831560035842,0.19018478068782954,0.14952316464464507,0.09054614860280241,0.0794054886220475,0.1038657079596423,0.16643583927193403,0.16579599906119324,0.0966046370511238,0.04211509036053702,0.032287957472543004,0.014558183135802552,0.08282174965344537,0.059410538023823095,0.12737404145028433,0.12869371808036675,0.12744847494391684,0.08537868979378455,-0.06859552705456105,-0.02873218864332111,0.12950044536531496,0.03689363681443288,0.020558009568670516,-0.028291843882033943,0.12359441144117313,0.21940517079349897,0.031457849825406496,0.06578719470854417,0.175542626683748,0.1443603829861536,-1.0
20,0.10080476239536205,0.08585680198837804,0.06578710796058236,0.034526496987700765,-0.09341393215571046,-0.06455963793599918,0.07664342009708677,0.12728935984113401,-0.0072554999176016,0.04141143054840119,0.07055476639142115,0.08551507192150598,0.03235183117206753,0.06178320671063683,0.041960103638816526,0.02437560024066496,-0.021161940083119918,0.042658692773396865,0.019144153745550674,-0.033594492736033404,-0.09132518537941225,-0.006413036813441311,0.027162153349387822,0.11220224433615257,-0.06268825826697019,0.06791709631168359,-0.07152897912106454,0.050957131880538596,0.02036247189750794,0.02680978627540559,0.25936139245769246,0.2162252105008875,0.013606693695405361,0.0925693331626591,0.012563383346562963,0.07805730187583478,-0.04907546807299338,0.07867446007982383,-0.12768635703705294,-0.044292087413440186,-0.05431759652722232,0.014272265440334006,0.06417747134907399,0.10669341455662935,0.005014610872066737,0.07122978190188112,0.037892658922286125,0.0737484078157143,0.10940672001925501,0.1673335302998019,-1.0
21,0.06054828005780066,0.008746326331772681,0.05060563216050634,0.10673797930982025,-0.13352119348286487,-0.05018410811400537,0.09192230962368646,0.10720590743822424,0.05441760158866322,0.06117125897707037,0.09947253437492916,0.0931006802450678,0.04062715028890515,0.07954268192383955,0.01360197828482792,0.053873431516859645,-0.06031550175991074,-0.019206744421576407,-0.045899352612956114,-0.0548908913787197,-0.049448776198336715,0.02258354184791143,0.038340347266947274,0.06391865257131689,0.01302752829692048,-0.02590178150476864,0.07498641036116942,-0.0673441040784685,0.11802359653708865,0.10012574966759007,0.1703606080485729,0.13187595677468017,-0.004062442108113834,0.01469861559851878,0.010342964300159583,0.011478363070344276,-0.12130417321962962,-0.040927159153957254,-0.1425784778985103,-0.18866718835671548,0.019025672697368493,0.0018943534184969364,-0.012903181280149783,-0.02302146468151808,0.1175451106640752,0.09009497449385324,-0.045549851743865825,0.05443063544743385,0.07455829996081291,0.09155891059288301,-1.0
22,0.02883121542367854,-0.005145413529251168,0.1383363372290117,0.05425673314079974,0.02424402669024081,0.03498114973625701,0.0596091186228541,0.09075625874606515,-0.016732169260295523,0.011837249472382884,0.08822646067886762,0.14945652940214815,0.1060922968541278,0.1667072096457357,0.07559125935244905,-0.004827174581040533,0.11398006211287104,0.07717703804545019,-0.04153098947576173,-0.061836951242455786,0.0006513781691257226,0.030479410212309044,0.09101903696013684,0.1371885678475598,0.0857640141877643,0.04463200835450992,0.03881288975460984,0.13114356357472096,0.11780872998939464,0.04931726916478794,0.4067081069069313,0.18807626167915095,0.14035998451384243,0.0667622074112554,0.006175398476837807,-0.015256269908279949,0.0015023354502935668,-0.008125805586921444,-0.01826809394890994,0.053092989052494675,0.0594100570974192,0.06042438085127144,0.13727795788627437,0.11500140313628021,0.029596920446189685,0.12623173914085606,0.05529797277588063,0.09370523922210731,-0.011163306107336103,0.014059802058987783,-1.0
23,0.03999047336460987,0.009803136263736209,-0.22598115502966643,-0.05110985077723299,0.04038486834011077,0.03297999038527031,0.017404229938456237,0.030518102247052203,-0.015862578914538388,0.034709559985132185,0.049139196276709374,0.021152195696780837,0.04574115352084692,-0.030126576209294733,0.04913949114105223,-0.11346424081757979,0.054587149204606326,-0.06469481723641742,-0.034188245931111694,-0.08468511610474534,-0.028729305027800744,-0.004585568718032552,0.031051640961983002,0.03758893522949131,0.043507055740429006,-0.10180193418583709,0.05965667878134675,0.004328490073090849,-0.07713781062849392,0.10735643697512344,0.1914334303847741,0.1780884325689295,0.0663884722777095,0.18109322874093378,-0.03249227682893011,-0.02622531033929133,-0.02262114159139265,-0.04614506152529455,-0.05557451000999209,-0.05411653566730531,0.033173469293709644,0.004387787184070662,0.01793511342483967,-0.0005325318569467755,0.0892361702065035,0.05578154327031771,0.04803256460864066,0.013433541979018653,0.05868756913508492,0.008958760520705758,-1.0
24,-0.16169850635603747,-0.11213061690037972,-0.09940044525557996,-0.013923847293033254,-0.04625956981207405,-0.03569256601362759,0.052085683228066094,0.02202344258546331,-0.23925333647690739,-0.1193938685567526,0.10658066456169933,0.09773728351130684,-0.06491727003627391,-0.0623727416699617,0.13707587594928242,0.005544045228719635,0.15007685551989278,-0.019104897163541294,-0.07863853500501097,-0.1202402626203099,0.03031301823619116,0.046489580626438966,0.08761829178813356,0.01901460337888829,0.1579215794001055,0.14877257943190791,0.013325312418911757,0.06731625105138585,0.00530108323412213,0.05738945000024831,-0.1205262091830574,0.02877342064967114,-0.08340002565886422,-0.0028555430426516486,-0.12855156319767713,-0.10977085076821545,-0.0027284542423646335,0.01679889505174482,-0.19715995251772997,-0.19017332026339073,-0.056636219694593044,-0.06361543515269301,-0.06028851956487915,-0.05704918874872266,-0.016580436829683225,0.19253553368066043,-0.02057826265491021,0.007665693366945082,-0.04645444907574029,-0.012717668399492723,-1.0
25,0.003456838135457239,-0.00968085401651816,-0.1150796936463145,0.015383607302989053,-0.18477043008076935,-0.1946189875135428,-0.04334977376786461,-0.04024567797214609,-0.1235102795737143,-0.03999256360865932,-0.08232866618194577,-0.09946587430276727,-0.08958538172618767,-0.012579708435504338,-0.18944604033822623,-0.23245848229572627,-0.2222483897771654,-0.1831303737768776,-0.14656439880061065,-0.1039637204564136,-0.22351863023259833,-0.19027575136752353,-0.13394122973354497,-0.04513248434929982,-0.12167563003278271,-0.08117934514324392,-0.2343741031853066,-0.2345472714037894,-0.16862389513530537,-0.1562787327052818,-0.049411568987165665,-0.047491040024008335,-0.03893699691018498,-0.07787165851697159,-0.19609251400789865,-0.1450131487859148,-0.12242598024124313,-0.07357290188196342,-0.20650191832294937,-0.1572246643442638,-0.09269685669816967,-0.11744876105733269,-0.07162201169177194,-0.10609031089415676,-0.11899751804561744,-0.09748221454919724,-0.19831361533953662,-0.06390593912077314,-0.06302657591137929,-0.06346145818354729,-1.0
26,-0.05593234776191882,-0.02520123471695256,0.18317086838585492,0.14225266921345373,-0.057922030394159274,-0.11119924268257426,0.18711323206093858,0.3129245438904273,-0.017386382823474895,0.011314428691371364,0.08729147599822806,0.01179502984588363,0.05458358388150355,0.09428377262269529,-0.08748035384848157,-0.002139165974310626,-0.07860413292968356,0.02024543514518216,-0.13651621831486868,0.05545983853219059,-0.04749784786583511,0.026858095975497934,0.009370169787783801,0.09517347971900032,-0.09769082938994844,0.039308871807514786,-0.05175049245745369,0.08977510703958559,-0.053305142138738236,0.04266938447184802,0.0013620457901971467,0.01621634111033088,0.005715166578558824,0.00553503259642996,0.01113973721921263,0.04262049141208565,0.10722007752409894,0.22145729022432414,-0.03605765564767464,0.1953248391032583,-0.04545896820759702,-0.03628091114907514,-0.002041486780365672,-0.008157759285301231,0.09267796058848632,0.17852058014262243,0.07672911621097626,0.1259455882595771,0.05047607899814083,0.06482822094066097,-1.0
27,0.12912213226102723,0.07360648587736131,0.05854843129839717,-0.06428490503939027,-0.0726750249117938,-0.046119449033481696,-0.0011578743691209338,0.04782928468456355,-0.12023317583636778,-0.08505201482071756,-0.012308934708539901,-0.06675232347729537,0.10174589191014355,0.04363964225593534,-0.14552953651059578,-0.055351891147350916,-0.01975104120934491,-0.04978421383479473,-0.10277944279871043,-0.06337532153340254,-0.1388688525628636,-0.15361245770589066,0.08820134404633517,0.09259680368943307,0.018899624410617502,0.15534435205622069,-0.08932815276724759,-0.020437138695340775,0.00531952827533327,0.007677270486608445,0.32226609127343625,0.21713647777670642,0.042750077319444545,0.16105428928661833,-0.11593636244670306,-0.08992952833536293,-0.10674610497208971,-0.06104915561715427,-0.09246381932711277,-0.05426108295349482,0.03342035133741898,-0.0013560506087310308,0.11523858776341522,0.12428017898468147,-0.08672325982895396,-0.05738140505778136,0.11319289491626328,0.08378951479052532,-0.0074676157093600815,-0.05940864355659962,-1.0
28,0.2070569739473608,0.08374432117276027,0.1503533278328286,-0.005260277862587173,0.02253449307682155,0.06208996149258139,0.12517929797597963,0.16010448458126908,-0.0937945120271897,-0.08075183047937422,-0.10402680970740802,-0.04012610880990527,0.1538851837754193,-0.022717379092017848,-0.07451763610348046,-0.061505387636489474,-0.07847224512379936,-0.13907924241201883,-0.05014179082679054,-0.09686423589649673,-0.09961036571802141,-0.06304311916980003,0.09084278244662153,0.08961448193986044,0.048444423622178934,0.030805319789359686,0.04078238640972235,0.14190134979542388,0.20985521387534609,0.09235503876400226,0.4593211739587179,0.3173305207896903,0.3256365233330868,0.15331597622895124,0.025467730178598658,0.004832926727807357,0.19124969186210308,0.0694378780162589,-0.045408459940162675,-0.015384687363897568,0.032928895926916085,-0.06145558447155323,0.11569503297808387,0.08162016417300559,-0.02421961915023882,0.08135458311500729,0.04778176446485266,0.10381223853821453,0.12964814810497827,0.06854800696036445,1.0
29,-0.0775203856483848,-0.04925756539185646,-0.033374102718018904,-0.004271551750850783,-0.2680995207385277,-0.254934421080023,-0.07857757113546038,-0.05797198479088056,-0.30466541285740445,-0.24518066448816653,-0.2364275388337469,-0.3178921735946043,-0.11945804011717955,-0.07259616818191478,-0.07538687034792402,-0.2346202243996239,-0.12092732828373585,-0.2554562056055803,-0.14073880829335625,-0.18659484664931472,-0.22596465327337065,-0.17700218598126002,-0.18743237346736505,-0.15084533479853893,-0.17999737389415402,-0.24411710384038462,-0.3355104620709825,-0.45581967820922115,-0.2657152384223036,-0.3494392569903652,-0.10695579451789554,-0.1364177239407314,-0.15550870659224722,-0.20571458004770263,-0.30083596586902467,-0.3007407817605492,-0.03240528645700107,-0.03619703028226017,-0.14090149540680286,-0.19368683510344464,-0.13487942743420303,-0.1957943579883297,-0.13985794127038959,-0.19152233553536843,-0.38788965461920627,-0.3017219398341559,-0.05906220802993736,-0.12164887346079158,-0.09475246342749531,-0.17783142921066783,1.0
30,-0.10384319552409087,-0.03612557934709449,0.030203622391253366,0.08115780506885603,-0.15727017648588776,-0.15446052337635935,-0.1785393428370229,-0.17841915985558346,-0.15940954363210608,-0.17593049979319889,-0.10186632968003523,-0.13855441273392993,0.009101248137916906,-0.01916612533839726,-0.0967054729632224,-0.25074565877783356,-0.1272910741555986,-0.15444964678170608,-0.17109519275569096,-0.16354306064755184,-0.19712186663717726,-0.15870157526818277,-0.11517789580934824,-0.06653829074240855,-0.3000611142523066,-0.34292749017234936,-0.47243702613004274,-0.5745893857071149,-0.3069799252124297,-0.3922442442466449,-0.1154054769505879,-0.09675686565345398,0.028849935185462385,-0.01848527965826489,-0.11544342039553356,-0.08647725279274752,-0.11022953038180032,-0.030256274395985175,-0.14421987871538638,-0.20285374948575852,-0.23637160423014414,-0.19185784623655752,-0.29747792808393675,-0.16429858808065953,-0.1330516353922038,-0.06166614405670162,-0.1059979426766567,-0.05650759715452249,0.031192487421684678,0.05554442581727423,1.0
31,-0.033408897430968844,0.0164513443724434,-0.06622913915314615,-0.1437912676413042,-0.05664833823834739,-0.03717222087384892,-0.05926659823087827,-0.02095956921839531,-0.2055606522839292,-0.1276810695098341,-0.19600920730655413,-0.17005596270558052,-0.14033080127824119,-0.07820657972930178,-0.033813394287887946,-0.13405696769372963,-0.11846907414387997,-0.15643824897054034,-0.15883954841591005,-0.15659005081860303,-0.07436071121480221,-0.05987646791046292,-0.045990219414532886,0.00034314258489332355,-0.04507375734519111,-0.06745179752139407,-0.05824478249504735,-0.5301525627977993,-0.11517752383846498,-0.3389763170012734,-0.045787510791010955,-0.13624681984561005,0.1072853045102055,0.057297368295083494,-0.035728962644550034,-0.03029257547007851,-0.1817745975141819,-0.08611935460684446,-0.10882491629093516,-0.10160955465778937,-0.057705795787922363,-0.0805633934494455,-0.0442164501364796,-0.09421528769434613,-0.03065902938976604,-0.0004358311358641555,-0.05763995766966001,-0.07032825113077536,-0.06534949752615149,-0.04273958867963609,1.0
32,0.26169743497978354,0.18615594892211526,-0.07138102510577975,-0.24137868662704687,0.020918688158597074,-0.054883572994423445,0.08946019736787592,0.14344746951199017,0.035912642624062636,0.04813126829425731,0.19956992975864626,0.09817763721744445,0.046138045114359906,0.12236928362946058,-0.030984247675808884,0.06853016855684664,-0.013611446434546362,0.10145357512508078,0.08564293630167326,0.08201238555347008,-0.12163956620461537,0.03745188838049531,0.0720771271199856,0.10437959886227259,0.09443631908524046,0.15372244568204252,0.015968616894968184,0.11446803383188413,0.0019119332339180284,-0.06389184392310888,0.3416244410637758,0.19692057005188324,0.13641126495004316,0.21023977562281235,0.06928326013913454,0.04536784193491298,0.038160653898107515,0.1381490092169371,0.0710475662341482,0.10591159609893776,0.021366205435095056,0.06751366034330042,0.12110488157518166,0.10163475400473802,-0.015433142849383885,0.09759899370297832,0.19763407403342037,0.15118228718654775,0.10204811406411551,0.11821418681871028,1.0
33,0.11106703817306714,0.09275153773582041,0.2527218289679474,0.1051261749991329,0.00980415824883942,0.11007711326287405,-0.011402800940669679,-0.024438280266233695,0.1444277419344447,0.15880970469335678,0.25625066266403046,0.28460467524670663,0.09543509289498882,0.15508214778532223,0.06885855493981771,0.2530884141355675,0.13447103194772694,0.20670429276715285,-0.0013146844421753668,0.11523398351524461,-0.012135025157832722,0.16985490122099867,0.09671576557713019,0.11390109394155723,0.10973022833069289,0.14812281238236757,0.08489694966348472,0.00799612211769464,0.11293983099806154,0.15794573788963698,0.1537014781566823,0.1865688392908195,0.15290875773921062,0.2478828374529063,0.1362855464122439,0.151512450583369,0.1491679428168595,0.22266880835754777,0.03612425573062034,0.15815755440663057,0.06297462824300278,0.11936164636090386,0.05831771313207213,0.08522383602404665,0.07067651348594296,0.21139567366390347,0.051697464686651984,0.1436292244576662,0.16406367239044853,0.19842695932067078,1.0
34,0.033560310382091,0.027622642350946375,0.017453326954470407,-0.1615979275177628,-0.02217886168193024,0.01285327090340487,0.07939969956983708,0.016817021350663767,-0.047640002936967484,-0.04827042123520742,0.03286174056248529,-0.10956234580990887,-0.027370937092567896,0.00029187834342569535,0.03927673668026355,-0.03605717322391369,0.062230491534858844,0.03867204623145084,-0.04177668135523527,-0.03384576507827935,0.0017843168406650272,-0.09082622205242565,0.04650319777089603,0.018494450180264008,0.00796129699391058,0.06537379642545885,-0.03328391584350617,-0.09031090950911709,-0.012597751498099838,-0.06159676727185445,0.17732594432806922,0.0575584528346404,-0.046918011384698144,-0.07799309311342069,-0.029656865437775126,-0.06595876024781434,-0.020159666060327246,0.006825483119085034,0.007745174217706097,-0.03385688875741588,0.05351144457397833,0.02910971845148935,0.05504770072258528,0.013126782746585955,0.11423301758618432,0.18973977982869086,0.07278011313240153,0.015094790324696211,0.013658057886562575,0.010693520423498309,1.0
35,-0.13255069942488143,-0.15724249765649784,-0.31072720020702604,-0.023301361389874115,-0.0842353892486154,-0.29328320352371445,-0.03988541781730471,-0.0787291100170041,-0.4215611354589668,-0.2772423420538099,-0.13780980905806825,-0.1499128536377873,-0.03309165039154926,-0.16316475305027653,-0.21149564785231145,-0.23243857713502938,-0.1458627258635018,-0.15151358298555942,-0.1911998206888851,-0.23330953923794148,-0.1643193836755169,-0.25537136140010025,-0.029352786851955276,-0.11883357380858646,-0.11490303034437631,-0.20264804296363367,-0.27467339925335216,-0.4392727138328243,-0.2659600589956997,-0.4793570840048093,-0.17308196172965007,-0.17392450711992694,0.00252553291112137,-0.043122408699141655,-0.08690207886025014,-0.2003047129552233,-0.13818538727771737,-0.15200014813459167,-0.23504590954007473,-0.1771233071874108,-0.07973804682390127,-0.2198609455129723,-0.11500178304786461,-0.21074946382233395,-0.09874429180960342,-0.1407843159717793,-0.12844164742052103,-0.1276195403154611,-0.138567098618919,-0.11239374695919908,1.0
36,-0.04344813097297723,0.006564531928258476,0.14696855911445098,0.11311748940384159,0.01762523747653307,0.0034935174366056234,0.08299335866929716,0.11893807332085253,-0.0808190189901244,-0.04622938552693101,0.1270331166500561,-0.013474786562702588,0.04566551358819342,0.04016236213544241,-0.00183831598445026,-0.05973384725577025,0.03147034238837762,0.000789088406177172,-0.06473255737670938,-0.03024893043829102,-0.13154317874999985,-0.1320771348844421,0.007345887602319231,0.02510119678386605,-0.048305578197477494,-0.08414604923311116,-0.0825584970861092,-0.1510713026312235,-0.0113752271323313,-0.16217231711660052,0.031123933483730746,0.02163738480681483,-0.028795912937173308,0.004503966714660757,-0.008018915370347476,0.09907970197847628,0.08005422415656317,0.10770391635346203,-0.1294552210417793,-0.08918942954996101,-0.05671960654926086,0.0006924886058269127,-0.16951658473778486,-0.05096996601931666,0.010375232573571452,0.05748257545907894,-0.0027708358011685565,0.01958933536639414,-0.05093816217218835,0.05072695880674195,1.0
37,0.13529242006089856,0.12322914901967787,-0.12193362452781892,0.2818083285955493,0.11262793860318236,0.08443817785315438,0.1513806087453107,0.15919681843114844,0.15226104097547993,0.15123220041856247,0.3605017281700344,0.27348159135692757,0.08429111753557639,0.14718268071324556,0.20339455674870444,0.16771107771418892,0.17146839954882187,0.18718385437757842,0.06654765203559294,0.04857959840874984,0.09643245127166905,0.13776236699949113,0.21788511649210884,0.26861938147775893,0.127392989732797,0.12252459149800825,0.010665017300711746,0.02594997048073196,0.2043084896285331,0.019836922038203735,0.19981982941720325,0.17888520725956258,0.24879460549506316,0.42492801139191855,0.2684245865070084,0.28086282874352714,0.2116709238801526,0.21876066435016153,0.08284866342431475,0.17546104116358086,0.16981432631981938,0.1748072526710368,0.2478020148697693,0.17454588170919985,0.15969336121537817,0.317132571875883,0.1345485231080455,0.24079341067007717,0.342418044171968,0.3019555837485213,1.0
38,0.10181084063678326,0.10703183115266483,0.25416679891731514,0.19981871932390385,-0.08274231329380621,-0.06448387049039428,0.056358795669596805,0.10474069468955438,-0.07476843984460332,-0.0266449412526855,0.04037779655461817,0.01910542692035379,0.18134582483538997,0.14560862424533824,0.05012167627882849,-0.02819458151503905,0.06604880205091136,-0.0026415590075268094,0.04484831680701032,-0.007432559584800778,-0.0557304745637085,-0.1064585388757457,-0.015446430559387658,0.07774632042075134,0.034280262321425725,0.05987941342597744,-0.11591431282005009,-0.14678489287796484,-0.031946710105140975,-0.15621079318263464,0.18443942860859822,0.11169471734498919,0.11926275175410206,0.18237379016971586,0.008898254134853187,-0.012199015824438783,0.10207280510878125,0.026330818484748848,0.028318836636580785,0.0370492653191809,0.0017872778921321497,0.004715117388413598,0.06850835068319001,0.037585363909813006,0.013655474397524459,0.15101506932451875,0.0804298207616328,0.13461724153504864,0.08192596544373083,0.07274115228461052,1.0
39,-0.08827826372161075,-0.08407516475912928,-0.054937998586551386,-0.040927553867543535,-0.09379313291189535,-0.23031552422492677,-0.014497840944752191,-0.12920386272239992,-0.04492942042733778,0.027382817753547603,-0.10605028061958506,0.05324455516646448,-0.20043523437397512,-0.11318044760085004,-0.2266998732401884,-0.2642132480937804,-0.18608500640831482,-0.11688948091374463,-0.17542807118455928,-0.1494622113326868,-0.21809994919940903,-0.18364576387050868,-0.035353980905749684,-0.07453925600177613,-0.07579381798438992,-0.19611944891243102,-0.2708814818991957,-0.1760686463958702,-0.24081598836335397,-0.21430594032233663,-0.006642558819203921,-0.01493043286471455,-0.024965137169287697,-0.12693269840710494,-0.06945037228532132,-0.044059082221538655,-0.15978031195847284,-0.16752732975602638,-0.15146881813747878,-0.0394269107597386,-0.09469082120285699,-0.14401629791668596,-0.1764145919048856,-0.13174899225286335,-0.010038865404119558,0.05865482457087875,-0.091780864827746,-0.002075948261207619,-0.18618991631505646,-0.185998218172437,1.0
40,0.2164414935528266,0.22613089673576725,0.29993919253077345,0.5710491619090379,0.030712822024995177,0.19038578485225233,0.09679558465776876,0.07473835141295591,0.1134370365068732,0.16450605188538148,0.18715054242290322,0.14561039775401993,0.16361552406193972,0.12511974410437438,-0.013465825592513731,0.15528642059216696,-0.03709358040443706,0.14314275422535158,0.026272402878927858,0.03999243859531775,-0.1011381447417214,-0.0006971123497962368,0.1312319947065631,0.19863611269064907,0.051222754969040975,0.15299591889647704,0.09367570696827415,0.020354597450722683,0.13333492792533244,0.28071852229105004,0.3005371830587862,0.39254767371261085,0.2750653231688358,0.28931149240426257,0.0514090098789976,0.15797192990723455,0.20018792829298562,0.07176916088445266,0.09006134734378023,0.16757198107891758,-0.03462558321089431,0.08237270210995651,0.07022260194620861,0.1457018575957558,-0.018867942624100405,0.03278778013259732,0.1778424259543304,0.16660885417285834,0.11302443098722588,0.20200756530492212,1.0
41,-0.008986500255040724,-0.0048744436564480105,0.23301256239257348,0.057483916629792735,0.028230193873844112,0.05985220486058986,0.014630475142598442,0.04755461950393957,-0.0841450151237761,-0.07919991694554625,-0.003748384727471757,-0.08866457629223116,0.03661996827398934,0.11090847171892011,-0.07211356216662958,-0.026091657024576765,0.00643312240103892,0.04431621570599064,0.02217083454210504,-0.022275890895097777,0.02912003326628516,-0.03859261725294981,0.01732792485539244,0.07283578964471617,0.03449328081471874,-0.008977742178158563,-0.10720916848910748,-0.04619492547334967,-0.029573744834726797,-0.021273200665146583,0.010384691535109042,0.02911728641456381,-0.012746356977253431,0.08811676104542267,-0.01853959386770133,0.0760147441773693,0.18295722095998498,0.14126364639270936,0.07941330494493837,0.035336121399353944,-0.013673925412956721,-0.04024052745328971,-0.05251771179061995,-0.05184360288982818,0.07957284836303523,0.12105830845401751,0.06727677451951963,0.031103428105413385,0.06918865158456512,0.11317930567323709,1.0
42,-0.14640711109019652,-0.11774538040952261,0.1755918436029579,0.03899691078419184,-0.04184934437793447,-0.04190872480048476,-0.006366812095958065,0.00759497358518305,-0.05559261640511149,-0.026869096454985582,0.06713690991675231,0.04816213070870556,0.12980370352935128,0.012241874576981095,0.044564578782068986,-0.07775825477980908,-0.05735535691919933,-0.07916520936514616,-0.07133435975449025,-0.12151087426827585,-0.08126479491168291,-0.10060347415885162,0.017428781180281915,0.034114188983016276,-0.03511236034585457,-0.1317536626548669,-0.127334192811165,-0.19229026405828809,-0.05878206866287409,-0.08437112740789454,0.09371027851212381,0.02237661837239047,-0.03491802452199553,0.05589921915518309,-0.0554781526079721,-0.055937376487477514,0.22902570214263196,0.15023212801548927,0.010654052648688241,-0.08632841306795408,0.01234317377687489,-0.127828974993884,-0.08450916341951142,-0.07214972537902094,-0.008016733393040806,0.09859685729272522,0.035259877954012274,-0.01538262441053536,0.04393632243282566,0.0183414383085766,1.0
43,0.006544407429727775,-0.012339942251875263,0.39612702363789065,0.26072647709677443,-0.1200289704490779,-0.07914728891559704,-0.08229778829868958,-0.011274012849699892,0.0174651252677543,-0.011890252336301428,0.008762057016755517,-0.072293472144484,-0.01311599990738018,-0.03878128929213637,-0.08015950616603507,-0.1242393007830092,-0.08956451031713071,-0.0700540242291642,-0.08024372267525914,-0.11283575583152584,-0.09033154596811699,-0.12542959654958355,-0.028583926819375077,-0.015049163142534327,-0.1785815629617302,-0.22104124168727712,-0.2534409466371749,-0.3347853072250891,-0.20077635904118837,-0.19781785155347398,-0.09064334938214673,-0.034032011643789335,-0.0036458205965384932,-0.06647327044305389,-0.03329834191759142,-0.012818201297123013,-0.052091031184515635,-0.07603605275984027,-0.09765628350955864,-0.10841512137423152,-0.0913423668720718,-0.14861933759573673,-0.08668169850856759,-0.11533260577657196,-0.026294997996483858,0.005834507456480527,-0.042385502617241756,-0.0417061373118831,-0.05899006737215317,-0.035964188232964295,1.0
44,-0.03477676932571581,-0.024378620991850408,-0.11985026255400238,0.02379553573660434,-0.01387391890902072,-0.08749167894100689,0.00243703375945655,0.05061028336401227,0.05052294607117269,0.08072100639914398,-0.0679385604515045,-0.05104496583580908,-0.04820954122979348,0.002776888077783188,-0.06459091109953272,-0.029645559885985908,-0.06745130240880394,-0.12976880813980954,-0.054701004060113904,-0.049530745818095766,-0.10885365169826133,-0.10309204992877491,0.013700681874464327,0.07062156693877754,-0.020363696712610225,-0.021065238117291413,0.045410004499506294,0.003216112588035045,0.08491082585253841,0.05499666696696546,0.04465739792268506,0.017421820862165687,0.10143254602626105,0.09631016177298284,0.009653627325600343,-0.022870565466166864,-0.00023920148972016858,-0.04480187638451654,-0.15418952964772456,-0.06416169372421018,-0.03156880098447352,-0.07363385805299384,-0.02427576613449309,-0.010662354857008768,-0.0042274886820658185,-0.043664396501306955,0.016492128750205816,0.005665054722311237,-0.03863006650940648,-0.004490870706580178,1.0
45,0.027860179278729177,0.04901089111703923,0.08220407052366197,0.08023959394363146,0.000599083967403588,-0.07682960538148091,-0.010693665135287203,-0.03153367281832651,-0.15268509017458634,-0.10170624331312539,-0.01968314266512243,-0.03365414975860354,0.03961739213882292,0.05728327634250315,-0.01377172380739425,0.046819051927251165,0.033310764688952096,0.07853898267156353,-0.010757357126530689,-0.013552955065569644,-0.09264592340523324,-0.022440300540950437,0.0340729066387938,0.046971541795611256,0.03782070758296656,0.020045651625346012,-0.5270495443621215,-0.4990927945495256,-0.4278438273489991,-0.24132535061702196,-0.03602769220166705,0.059440943121002975,-0.024629986602259856,0.08056775202225881,0.014214608365589979,0.005667174693965711,0.04563899358735705,0.0015964751882553997,0.05115823211383005,0.041322417780715735,-0.0023590079242321407,0.015888993115334,0.057155305095257236,0.03894182736533045,-0.022775493231811675,0.04556306637489584,0.10596631810708985,0.04172133410052489,-0.0050800305798831226,-0.04593013733999448,1.0
46,-0.12562417273877852,-0.12107881448989828,-0.1910062239903992,0.215156282742927,-0.30312357109977967,-0.15199562868544755,-0.3466897661271484,-0.05646415225301187,-0.11355176014997974,-0.10979757600869094,0.0043351832153383715,-0.014607032811406637,-0.0947614038943836,-0.05566412544682697,-0.3145035613411878,-0.0003991691295734262,-0.32734975643045355,-0.07608084323442933,-0.21044456554948762,-0.10845121218149632,-0.26064892292805775,-0.12319176333981723,-0.055125527591418554,-0.037109887339032414,-0.23302077751832515,-0.3279614396893136,0.032404609592066,-0.3885331861286936,0.2042914203874268,-0.026031015836322446,0.1241917492484917,-0.05322931184612913,0.056018474360270326,0.018400905401013357,-0.11516543698339184,-0.010927392420675882,-0.4192701520206384,0.022469420544838362,-0.06395440224849358,-0.07743410924111795,-0.08751628315200481,-0.040517569171622185,-0.13873470876703234,-0.09839102175044957,-0.06057015968283552,0.1136368087797441,0.19582285762630017,-0.01587982126668899,-0.2752070052046772,-0.1169597251880531,1.0
47,0.08522477526119047,0.09569581950771688,0.22240593317623603,0.2006235067710995,0.11742255375634995,0.09555223898792685,0.14845879616452076,0.20282157199210826,0.08319857174746288,0.17645505145095394,0.2621362384807966,0.22503085600125283,0.11256793331381494,0.15031894550554256,0.2198989360480521,0.20756084493206414,0.17497264250403002,0.1689119112221703,0.10068912182635575,0.0996074828769342,0.08266129750014156,0.20979187574605915,0.18693078560969742,0.21897392229581045,0.12455162077404497,0.15875422053207336,0.12405007059235351,0.2557894654800425,0.09702036506543009,0.26955137970071646,0.32693625330869946,0.20107798085648423,0.14013733098702846,0.25020530029659,0.14853440656480046,0.2495610278310025,0.23156470034869348,0.21027971493999023,0.13403165882925008,0.181333861171501,0.1388172806957392,0.19362121282049607,0.14736058858872722,0.1779312266230563,0.1402747293651148,0.30595613177570014,0.20031649133835874,0.19133101997111276,0.21222114959370555,0.23027817662947672,1.0
48,-0.032382209558311226,-0.1352929766972894,-0.10318586114091087,-0.14415522191127592,-0.06144212586357631,-0.00040163622386512704,-0.16125493885724204,-0.09826110681496264,-0.2814157574064745,-0.2506152804369956,-0.1839644730510052,-0.2791149144919984,-0.2325846488212017,-0.21360049530676986,-0.3079611872653285,-0.31992146239083746,-0.22575094975950058,-0.1985441635568533,-0.11381623059114725,-0.18110717757107234,-0.14888350158153638,-0.12344845120225217,-0.08272572984411365,-0.01284050126846273,-0.053688157171833374,-0.11650534343829934,-0.20796931180095135,-0.01681679557880711,-0.18418564393067327,-0.11507976415864567,0.14996530937680572,0.16705025664527443,-0.038657363068242835,0.04080776038646409,-0.10131462631298442,-0.13089624930255517,-0.014163631317023554,-0.08900295988716513,-0.21824914973539614,-0.3261987346669853,-0.17078270385598326,-0.13813069612956938,-0.1688690447800454,-0.1257368379737216,-0.06356846285562763,0.04528900742966724,-0.047981940784787756,0.020748069644454744,-0.16013431658141788,-0.07599823422413816,1.0
49,0.05768990084762204,-0.03754261314525876,-0.11900161016184456,0.04954100531244996,-0.08973901045898336,-0.11645890229619725,-0.16114318302419203,-0.10672394051345323,-0.05633750290651754,-0.1046007081169203,0.10892182183731691,0.027045125228835537,-0.11230158011274531,-0.02512863760982345,-0.17966573411709083,-0.031218173512117493,-0.16291383802706075,-0.032215940909721553,-0.1662109919883289,-0.043425279695133844,-0.08696030940301892,-0.05303560898243103,0.02366171145796407,0.07830312958616865,-0.12389146715554818,0.009228186820727707,-0.14323744194733012,-0.2580170835135029,-0.1852677206184015,-0.2320577710570136,0.026732945061440555,0.047377120268973776,0.011533265521402172,0.02254985915032516,-0.04818098874916684,-0.0056976896250509656,-0.07397283556060495,0.014094175402426098,-0.08274687482366992,-0.07234683462673915,-0.11293366117088777,-0.0739645251925117,-0.06506563695955941,-0.1092299691778228,-0.06888460200658614,-0.05073926918287052,-9.034236331894227e-06,0.07734250292649275,-0.04696608678924122,-0.0976092212271953,1.0
50,0.12950224819786513,0.005935751156224945,0.2585925661143921,0.4389044264636334,-0.08312115507695782,0.058129827568528865,0.055886331797960785,-0.02168848195135199,0.029935483935385074,-0.03206214695175135,0.1485196664646828,0.07660801034250263,-0.022283571189347966,0.11143750755716675,-0.0021778925126953127,0.04040982565967693,-0.01666366804934069,0.07045421457222968,0.0643099894380627,0.06397286763345848,-0.12726499705845187,-0.024879118930618505,0.029134827254385303,0.07280853218097114,-0.029164114522909856,0.05819470689141249,-0.10702260400494895,-0.12573079091140854,-0.030434475794285445,-0.05598565859850521,0.13545361122186336,0.07754346179720484,0.1373917069611695,0.05331673127833638,-0.03611809600076785,-0.07967241270367895,0.04963174107768927,0.07496109111905723,0.09023696080689632,0.09554292216097382,-0.031506276550291513,-0.07605168358887637,0.02522785535555655,-0.0005544510300636608,-0.05549072032806021,-0.010113453130091847,0.04864275379690434,0.05940479149213343,0.04128463639877802,0.03539590838695233,1.0
51,-0.014806981209452924,-0.041985074825782814,0.20378501545696404,0.38421636263704567,-0.09461237387892645,-0.0854752492417159,-0.08186618700920086,-0.09204970289596576,-0.1551827274432073,-0.24050828286213358,-0.14810079136778695,-0.2150832189180286,0.018660610263471097,0.025457745322985795,-0.08848294450409776,-0.1148454528375223,-0.15177389453022416,-0.14726266793949294,-0.09066461500949508,-0.07264861977806904,-0.11485680205439934,-0.15180253512654815,-0.07657964129507071,-0.0076298915029437584,-0.16808101008832663,-0.2501367383701398,-0.46828587090199775,-0.5625840808864032,-0.43384796657013486,-0.2712811893922334,0.0029983540041168405,-0.02192482272685638,0.017021644420592518,-0.1098600255427335,-0.16043504837078532,-0.12757557934309985,-0.06556756851930166,-0.062388384135264256,-0.12523165185751942,-0.10607404036360257,-0.12607764638458704,-0.14208900067166313,-0.12092984722137691,-0.10470649400181438,-0.1564210239819446,-0.10700915021232558,-0.02197921859423246,-0.0009661269434109053,-0.11418438001687281,-0.056887188181817476,1.0
52,-0.15691515583327267,-0.1748691694155481,-0.31579699290846763,-0.33394162390057147,-0.24493518693500896,-0.3586663692565099,-0.10729470747168064,-0.19325280959845717,-0.14471047887198676,-0.10430673987955204,-0.2494475512412857,-0.3375734929523842,-0.1898755238518084,-0.155083341543431,-0.27266791666249274,-0.18475559168400038,-0.17450513222169198,-0.17523842998486494,-0.23912801605615808,-0.3476644940960166,-0.25855807172111095,-0.2815406945891318,-0.14926019553222028,-0.1258556388022696,-0.2470095946275899,-0.3139656564676039,-0.09257028652760117,-0.2966242997350628,-0.17288737402700127,-0.40889884906018187,-0.07798875665703986,-0.09047595284020908,-0.18778498337131688,-0.1330214177898932,-0.25177435256603015,-0.2116107113065341,-0.14381606002816058,-0.1875406158206561,-0.374529130743261,-0.3270046398933329,-0.1150932389834435,-0.1841138625416582,-0.15510427257146223,-0.12290874845690841,-0.11734595534488478,-0.14572104712565176,-0.19147006970393057,-0.08955792565420566,-0.20833492839196208,-0.17255356701553068,1.0
53,-0.13112115482551392,-0.14136272121019142,-0.19817648104586583,-0.096642956239896,-0.10498909942309925,-0.10079201669019601,0.010279041876459638,0.004439775977205333,-0.09325562834076867,-0.04153648939733734,0.047747892012097365,0.02244287330474211,0.01888923860326609,-0.012378328658215866,-0.004523678565865219,-0.008109609070643948,-0.036125456131634585,-0.004451405845850242,-0.13454915109860696,-0.17436219270800823,-0.10503339993267709,-0.13589922063932794,-0.041934010448346125,0.006701037313485582,-0.23011824863808397,-0.10006956887376607,-0.10007022403723596,-0.12000637356917854,-0.08511511315417301,-0.10590731460508146,0.08704369418338422,-0.058481705667565144,-0.08680229754718365,-0.03311610235288024,-0.002099323305989245,0.01443150947095665,-0.029316801648990563,-0.020493169539337035,-0.1127591611562367,-0.11715733981914411,-0.018744101542725627,-0.04980577291889517,-0.08348579558382961,-0.0793770612932908,-0.015190480149210012,0.10517340032108019,-0.03339539814991344,-0.0367802556635202,0.0020976997039563582,-0.036766678299318206,1.0
54,0.03746027907621367,0.0010340622581541971,0.2888311275210325,0.14900918479002287,-0.021291488817389556,0.044575759859885176,0.059182319560308005,0.08094402794904239,0.030007426545205246,0.08302156586028092,0.10651684524306441,-0.015015643730647977,0.1532428275449703,0.1269655602367382,-0.028383869189876728,0.05022205188749248,0.007565454495968969,0.032812733167742754,0.032800986720114084,0.046657312611714,0.013198986459517628,0.05232373532044258,0.09552405374397364,0.13262541932926278,0.04484000828316021,-0.041446003017887846,-0.046070716842599134,-0.20469602730304523,-0.05220785698922927,-0.03564820150834151,0.1718858502596605,0.15467902420567528,0.12822012259593352,0.006038982667832589,0.10799008151683004,0.1069018542341737,0.1965952034974876,0.12522471308848973,0.011678829998148262,0.12807271190791827,0.048765014559503495,0.01533403432816965,0.043319957595714255,0.0002889596527513282,0.09804557915146116,0.20728884534877087,0.07545676681008286,0.1196275138114427,0.14979862364342192,0.06353789857668196,1.0
55,0.055721432470622535,-0.007653679741508305,0.2755620427557919,0.1765262698687903,0.06098488019890632,0.10507146845153198,0.25922333304371725,0.22108613567939572,0.0037566403901218653,0.0389950287498847,0.2002443969326746,0.19843586039341865,0.14583805076972725,0.1829859953218814,0.11162199604783257,0.15451290876634086,0.18072798046139474,0.08333234613713805,-0.022612542349713372,-0.006909727211572986,0.08216131276492812,0.07318709224996627,0.08643143458413172,0.169317805520811,0.2690026619126826,0.1782828957467134,0.4751573141229663,0.17310016388632946,0.538520987759541,0.16909383848507054,0.811837251783083,0.39139302248087265,0.047250917018217875,0.03828541461589812,0.04520227218549061,0.07954674262096705,0.15657099426499213,0.11793391275269498,0.027852881104107153,0.05250755329990217,0.11487889990864529,0.03789307047785181,0.09375926690288261,0.016709140882630733,0.17297094572041394,0.28337657450342946,0.038702350529505596,0.036173835003314316,0.13378268796290835,0.13549329225133525,1.0
56,0.0247880156090572,0.04406518885812716,0.08531260195477318,0.16621231445669182,0.00722548248871259,-0.03333627068540488,0.07727245989718261,0.12467260902348133,-0.05589067704693677,-0.06052708973428645,-0.044702906787772,0.0048849297830716515,0.037932438130452,0.08472786487146111,0.0073384192483081055,-0.007996893005100994,-0.05181968531025605,-0.00251731627505134,-0.0700310763822454,0.012053366649578618,-0.08220669036469994,-0.042481145675612925,0.10772502742403918,0.11338051573599485,0.10167987117158418,0.05060716502177457,-0.04941395562224921,-0.007312219774930635,-0.02482787870889963,0.018528041277894813,0.1453982035968062,0.1040047273408707,0.19245706475006727,0.08134835274115189,-0.045868569975466754,-0.012272425678816479,0.06909393181162847,0.07505996348391993,0.008427562949206746,-0.022945419580377616,0.0021197779124685887,0.004535693799946815,0.07349176156903951,0.0636812386124045,-0.03316523207695975,0.04424622714676726,0.09084027096513314,0.06404731137961571,0.023734118199330582,0.07137049103899555,1.0
